"Date","Station.ID","Data","ENS","Estimated","Q0","Q1","Q3","Q4"
"09/01/2022","IT0063A",NA,"12.89","11.1169497768344","3.51487743945089","7.47984851824722","16.5226036381842","35.1609905237451"
"09/01/2022","IT0187A",NA,"58.51","47.6261816182565","24.7273882993851","38.0086167984702","59.6773407346528","91.730398215632"
"09/01/2022","IT0448A",NA,"43.42","33.0673935255768","17.0113998071878","26.3064561593241","41.5659375764224","64.2776330560019"
"09/01/2022","IT0459A",NA,"13.25","30.4079327412845","14.7074825205915","23.6826557809749","39.0430187454433","62.8688405581253"
"09/01/2022","IT0461A",NA,"12.21","31.7237818690667","15.2187295099703","24.6379195771232","40.847537184535","66.1289324721094"
"09/01/2022","IT0462A",NA,"12.35","31.9463232247683","15.2367672362024","24.7612308636522","41.2163503987797","66.9805839887421"
"09/01/2022","IT0463A",NA,"12.36","28.0847573403444","13.5201289979458","21.8379419561323","36.1184948861235","58.3392063038649"
"09/01/2022","IT0469A",NA,"38.25","39.3410243963055","20.6409437312925","31.5099893377292","49.1182711603621","74.9828215559884"
"09/01/2022","IT0470A",NA,"36.95","41.702129067484","22.1964583550452","33.5667083482548","51.8092971976358","78.3488762460974"
"09/01/2022","IT0499A",NA,"7.18","16.5433621185603","8.04226476155363","12.9070044434735","21.2042098059559","34.0305670479997"
"09/01/2022","IT0502A",NA,"23.36","24.6477305582434","12.534701256989","19.5306908828328","31.1054342786082","48.4663024045375"
"09/01/2022","IT0507A",NA,"12.67","20.0716063514434","10.2820705190202","15.9444940584349","25.2669906019487","39.1817368673031"
"09/01/2022","IT0508A",NA,"13.22","17.0874468605661","8.45244401014119","13.4114969263573","21.7709359228087","34.5439543713456"
"09/01/2022","IT0524A",NA,"56.59","46.7162604776596","24.8204969963671","37.5793377993042","58.0747059640031","87.9276911069094"
"09/01/2022","IT0544A",NA,"24.93","31.7594126858983","15.7385263486798","24.9426845004152","40.4391233083356","64.0886110812916"
"09/01/2022","IT0591A",NA,"28.59","21.3201992924453","10.5508768878132","16.736223601564","27.1597051217161","43.0818123178569"
"09/01/2022","IT0594A",NA,"56.84","43.0985890537146","21.9556595189715","34.1712273089715","54.3582576541902","84.6018028661787"
"09/01/2022","IT0611A",NA,"10.36","4.67562057219943","2.36084770257825","3.695815181368","5.91518424551808","9.25999068525256"
"09/01/2022","IT0614A",NA,"10.72","6.2247642528586","3.16317696600687","4.93114515352609","7.85774679051156","12.2496118364761"
"09/01/2022","IT0618A",NA,"10.91","7.0092772475606","3.55627586180109","5.54963811508027","8.85282364622436","13.8150046403567"
"09/01/2022","IT0620A",NA,"10.62","7.51394469208379","3.88836336457185","5.98978084635743","9.42594834167078","14.5200845553978"
"09/01/2022","IT0623A",NA,"57.94","45.8930468672175","23.6100618298045","36.5100784136603","57.6874069371648","89.2065326189814"
"09/01/2022","IT0643A",NA,"48.74","33.5801204409484","17.3298945992238","26.7434436456922","42.1645209109125","65.0681677474893"
"09/01/2022","IT0663A",NA,"37.84","33.0133833779144","15.6583302764637","25.5393459529118","42.6746825884512","69.6040677910198"
"09/01/2022","IT0692A",NA,"53.57","35.9868647631724","19.0203495911811","28.8964569294095","44.8170666267674","68.0878355718193"
"09/01/2022","IT0702A",NA,"46.22","37.7686439892314","19.500227070815","30.0838518871605","47.4164835718429","73.151479908674"
"09/01/2022","IT0703A",NA,"19.2","30.0932926291748","15.2561534440102","23.8200005118509","38.0187339128977","59.3600650772625"
"09/01/2022","IT0705A",NA,"57.26","45.1355671315126","22.7288416363379","35.6440582045809","57.1545307380702","89.6314670531322"
"09/01/2022","IT0706A",NA,"56.63","46.8686901707441","24.5557641625439","37.5209969264992","58.5451959771837","89.4565570747703"
"09/01/2022","IT0707A",NA,"40.55","41.5668120071984","22.0149755475233","33.4007325463401","51.7294001873948","78.4829334337437"
"09/01/2022","IT0709A",NA,"66.76","54.4896363074035","28.4379534585853","43.5637423507268","68.1557713983581","104.406966880971"
"09/01/2022","IT0721A",NA,"48.03","43.9202163430303","22.9220336989395","35.1137492548113","54.9353300218796","84.1541997954497"
"09/01/2022","IT0732A",NA,"33.68","35.6972311464982","18.2269002812601","28.3252934699696","44.987788489377","69.912727444758"
"09/01/2022","IT0737A",NA,"32.35","28.6428662677751","14.6421776709129","22.7369487953126","36.0828445109039","56.0308586927904"
"09/01/2022","IT0740A",NA,"32.89","34.9202877224363","18.2850354738049","27.9500392906405","43.6287935747584","66.6898621205678"
"09/01/2022","IT0741A",NA,"63.39","51.9072402243409","22.2139163485274","38.7595988845384","69.5146922374947","121.291605920991"
"09/01/2022","IT0742A",NA,"31.33","31.8709836086814","16.5068238422758","25.4135572943904","39.9692016516336","61.5357385461012"
"09/01/2022","IT0753A",NA,"22.84","26.3328960050275","13.6417838025277","20.9992882687755","33.021186391477","50.8306994194636"
"09/01/2022","IT0755A",NA,"31.03","46.3290123858189","23.7346935394848","36.8038044499861","58.3194433489111","90.4320666738195"
"09/01/2022","IT0761A",NA,"57.75","45.1351747069144","22.8869122317232","35.7289683431682","57.0177111260818","89.0108711563096"
"09/01/2022","IT0771A",NA,"33.98","42.8150667874795","22.1001588198965","34.1005190862774","53.7566580549211","82.9464602021764"
"09/01/2022","IT0775A",NA,"11.87","24.2801294942823","11.8607451216309","18.9748154231005","31.0687969876858","49.7038493124669"
"09/01/2022","IT0776A",NA,"21.51","28.8351924010249","15.1914755100005","23.1282382545887","35.9503526231255","54.7325584178292"
"09/01/2022","IT0777A",NA,"41.76","41.6279616031639","21.3961618379783","33.1065203320817","52.342776282509","80.9905627166553"
"09/01/2022","IT0778A",NA,"58.27","46.1148778258541","24.2884678567055","36.9845328479863","57.4992244902517","87.5552121871018"
"09/01/2022","IT0794A",NA,"10.64","8.06874106339342","4.05446196484803","6.36727560833096","10.2248726697032","16.057514637588"
"09/01/2022","IT0804A",NA,"44.81","37.1566713434222","18.5888521737531","29.2770151765427","47.1570690180626","74.2713004772012"
"09/01/2022","IT0813A",NA,"12.46","18.4495431642876","9.04829350456767","14.4379029625826","23.5758367301024","37.6187667651452"
"09/01/2022","IT0817A",NA,"11.8","13.7189295207988","6.90395662106996","10.8315824968837","17.3759491977089","27.2610384923704"
"09/01/2022","IT0825A",NA,"19.3","16.5926005381442","8.68973641207473","13.2814222784862","20.7292853766414","31.6827092978173"
"09/01/2022","IT0828A",NA,"19.28","17.8388484062666","9.36305600672407","14.2898230134097","22.26931097489","33.9872486326289"
"09/01/2022","IT0832A",NA,"19.84","29.535712786619","12.5276477597728","21.9869623650184","39.676164234564","69.6346470256652"
"09/01/2022","IT0837A",NA,"47.27","46.5395910859958","25.1561338777744","37.6597443653658","57.5132299741161","86.0996188434708"
"09/01/2022","IT0839A",NA,"60.06","51.2140856483626","26.7677693646523","40.9656985975832","64.0263112454907","97.9865947388738"
"09/01/2022","IT0840A",NA,"58.11","49.7688734115612","25.0038947640878","39.2716343509123","63.0720060826414","99.0621974706734"
"09/01/2022","IT0842A",NA,"60.2","52.9906556752928","26.3655132666298","41.6745244159406","67.3795232999316","106.503126280931"
"09/01/2022","IT0852A",NA,"23.62","15.9094529637762","7.87097835140803","12.4875961254704","20.2689685879852","32.1574628090963"
"09/01/2022","IT0853A",NA,"23.15","15.0247318589727","7.65178365679871","11.9113334851876","18.9519139662031","29.5019537351207"
"09/01/2022","IT0854A",NA,"23.2","12.5063888295366","6.38733091227593","9.9245173269057","15.7599363680414","24.4874993488988"
"09/01/2022","IT0856A",NA,"22.91","14.178861115996","7.22893239626226","11.2449908611446","17.8781917236916","27.8104831428016"
"09/01/2022","IT0860A",NA,"24.65","25.1898446727932","9.20756992804273","17.8160470840233","35.6155476939925","68.9137611333166"
"09/01/2022","IT0861A",NA,"23.91","24.5080675769152","8.72070987678531","17.1742018076512","34.9736996852483","68.8757434705597"
"09/01/2022","IT0862A",NA,"23.29","23.9699570150206","8.40825320442416","16.714741269961","34.3743782821519","68.3327232580986"
"09/01/2022","IT0863A",NA,"14.92","11.9904070105847","5.90928926426302","9.39900932676366","15.2962780737003","24.329467360642"
"09/01/2022","IT0864A",NA,"17.14","13.6329071187955","6.87614082112527","10.7720133486833","17.2536136461828","27.0291376143298"
"09/01/2022","IT0865A",NA,"16.6","20.7741528922803","10.4656086182711","16.4079551501858","26.3022067309194","41.2365342650406"
"09/01/2022","IT0867A",NA,"11.57","22.3658222659925","11.1825506116107","17.6191710044703","28.391233929624","44.7330866640192"
"09/01/2022","IT0868A",NA,"18.07","21.45863727936","11.0775480937535","17.091540563874","26.9415803780982","41.5681439601959"
"09/01/2022","IT0869A",NA,"18.37","21.3750228521484","10.9492704028687","16.9796356729654","26.9082099716262","41.728040784358"
"09/01/2022","IT0870A",NA,"18.49","26.088483020024","13.2671037378198","20.6721734095545","32.9239181967924","51.3004917829885"
"09/01/2022","IT0871A",NA,"20.53","38.6442612470529","20.1109895909933","30.8653305503758","48.3837010879604","74.2568594436191"
"09/01/2022","IT0872A",NA,"24.61","50.5085660630739","25.8587239784807","40.1148725477457","63.5952474412451","98.6558829380331"
"09/01/2022","IT0883A",NA,"22.34","20.2782452406767","6.98145674963954","14.0497122317145","29.268017967856","58.899917995232"
"09/01/2022","IT0884A",NA,"11.87","7.78171039812545","4.07337292731593","6.22776015249313","9.72340219236798","14.8660625483646"
"09/01/2022","IT0885A",NA,"11.76","10.5855760360569","5.53810115110887","8.470152374064","13.2293275334995","20.2333646420858"
"09/01/2022","IT0887A",NA,"17","17.8775885496663","9.02876455606606","14.1322440245122","22.6155288428932","35.3988821356991"
"09/01/2022","IT0888A",NA,"21.66","29.7778720281151","15.4728349375831","23.77104400356","37.3025964862966","57.3082868200823"
"09/01/2022","IT0889A",NA,"21.41","30.0611366200339","15.5524471348251","23.9613909880391","37.7136675971539","58.104806726193"
"09/01/2022","IT0892A",NA,"42.06","31.5227648599995","16.399432703804","25.1744911743575","39.4718883307947","60.5926267308213"
"09/01/2022","IT0895A",NA,"37.37","42.4818295589244","21.4817002044712","33.5964443079949","53.7171679874481","84.0113131407482"
"09/01/2022","IT0897A",NA,"19.43","16.4314095640699","8.57168112382623","13.134682844364","20.5555949436616","31.4980476247218"
"09/01/2022","IT0898A",NA,"20.4","20.008567082855","10.4555134850587","16.0034933826528","25.0159603991881","38.2901095466246"
"09/01/2022","IT0903A",NA,"30.42","27.4671219426373","14.3987155580628","21.9931424045042","34.3035467117786","52.3965338970283"
"09/01/2022","IT0906A",NA,"15.25","38.6525792619705","19.6356368081661","30.6166182926433","48.7977434125016","76.0872641004227"
"09/01/2022","IT0908A",NA,"6.34","11.8803699827934","5.87949232303864","9.32610927575652","15.1341987054521","24.006016705727"
"09/01/2022","IT0912A",NA,"53.21","37.5397250006035","19.453487249002","29.9394002923438","47.0694449240959","72.4410454065621"
"09/01/2022","IT0934A",NA,"18.13","17.8823698271622","9.05643502698816","14.1496152974415","22.5998476929068","35.3096057866546"
"09/01/2022","IT0935A",NA,"16.74","15.6602708320746","8.14444381839892","12.5050858288056","19.6115473249296","30.1118269095185"
"09/01/2022","IT0936A",NA,"16.84","15.9415649476477","8.31362284158984","12.7417875271881","19.9448854752762","30.568321154616"
"09/01/2022","IT0937A",NA,"18.02","18.0296336082908","9.15983713974052","14.2816195284712","22.761262292499","35.4883698356254"
"09/01/2022","IT0938A",NA,"17.83","16.9220049062407","8.71863720273201","13.469150099054","21.2600088306201","32.8439231256354"
"09/01/2022","IT0940A",NA,"46.67","38.5514555176622","19.9673052122238","30.7407479460106","48.3467326540166","74.4324137250348"
"09/01/2022","IT0945A",NA,"27.68","24.6481482094757","9.43331936224999","17.7108461733804","34.3027771913803","64.4026971659076"
"09/01/2022","IT0948A",NA,"24.58","24.347367245461","8.819165875688","17.1664540099947","34.5321340936345","67.216593966048"
"09/01/2022","IT0950A",NA,"19.57","29.1889135027804","12.3770427486862","21.7266785012357","39.2141243045658","68.8365297569351"
"09/01/2022","IT0952A",NA,"16.07","15.1683751639425","7.99454905486213","12.1680209733859","18.9085477102104","28.7795601146732"
"09/01/2022","IT0953A",NA,"19.56","17.6012278355966","9.29301489338827","14.1281392571755","21.9280979385333","33.3372134742835"
"09/01/2022","IT0956A",NA,"19.07","19.6373901657854","10.5346116307789","15.8492075506755","24.3310014895254","36.6057246378784"
"09/01/2022","IT0957A",NA,"18.62","20.2138430898904","10.5427957360498","16.1571462124226","25.2890855285171","38.7562713622113"
"09/01/2022","IT0963A",NA,"48.42","41.7017640193706","21.3694434115156","33.1307550224663","52.4901144313799","81.3796170933557"
"09/01/2022","IT0978A",NA,"2.9","7.7430660241977","3.28695393382239","5.76572783223922","10.398526118393","18.2403138778897"
"09/01/2022","IT0979A",NA,"3.38","5.68039410810182","2.63796082446299","4.36258631027584","7.39627251553854","12.2317499654023"
"09/01/2022","IT0980A",NA,"5.21","15.0615979516579","7.30898251548295","11.743787714818","19.3167433170772","31.0373889083514"
"09/01/2022","IT0983A",NA,"5.72","15.5517049859141","7.53773573463964","12.1209086383053","19.9535806420135","32.0859653990598"
"09/01/2022","IT0988A",NA,"5.18","17.5330283798888","7.76877779849517","13.2496436636641","23.2011586102515","39.5695554878054"
"09/01/2022","IT0989A",NA,"9.59","12.8482238162799","6.50400330975621","10.1647266607097","16.2401666806551","25.3808073845231"
"09/01/2022","IT0991A",NA,"16.21","32.2347074431407","16.8133706717626","25.7660478884592","40.3273473853271","61.8005981209916"
"09/01/2022","IT0992A",NA,"13.61","22.0419097994315","10.8550311724055","17.273782048976","28.1261964651844","44.7576593645664"
"09/01/2022","IT0997A",NA,"39.66","39.4485165646811","20.7507551178429","31.6241216662447","49.2088120447303","74.9941604686861"
"09/01/2022","IT1001A",NA,"28.11","23.7851411705389","8.98973568834592","17.0172346203607","33.2447047433651","62.9309870851782"
"09/01/2022","IT1010A",NA,"58.68","49.3096431471352","25.2471218923327","39.1638431478386","62.0838179266377","96.3056667475517"
"09/01/2022","IT1011A",NA,"15.18","29.7145802334288","15.6788094909616","23.846169253714","37.0271748495352","56.3152629004057"
"09/01/2022","IT1016A",NA,"56.97","45.8750665009608","23.0488992923301","36.1997861205066","58.1363027798498","91.3068211967885"
"09/01/2022","IT1026A",NA,"21.64","9.99396628697701","4.83813016362912","7.78601054461921","12.8280537989071","20.6442073212666"
"09/01/2022","IT1030A",NA,"32.7","46.7474452477902","22.4946955404061","36.3441271312607","60.1286592824919","97.1483980865513"
"09/01/2022","IT1034A",NA,"48.44","51.7925810130026","27.9507248698232","41.8873519567243","64.040129601886","95.9714447650891"
"09/01/2022","IT1037A",NA,"30.85","26.8304457901358","14.175242059368","21.5411715969765","33.4184618536931","50.7838115414527"
"09/01/2022","IT1041A",NA,"19.19","17.1388797138733","8.8592900409028","13.6571277982737","21.508270420062","33.1562909093654"
"09/01/2022","IT1043A",NA,"26.51","36.2025237902023","17.9157494365643","28.4187294080185","46.1182732684158","73.1547811282351"
"09/01/2022","IT1044A",NA,"26.13","37.8636325639678","18.711100741088","29.7081113194623","48.2580213707476","76.6205415051278"
"09/01/2022","IT1048A",NA,"31.16","46.4144292148577","23.801378788684","36.8838894490312","58.4075939799678","90.511531221261"
"09/01/2022","IT1065A",NA,"44.39","49.028547719849","20.6282887775353","36.3964995988296","66.0447712833025","116.529224379256"
"09/01/2022","IT1071A",NA,"26.84","25.5879145602046","9.31838703926585","18.074464172971","36.2246628876251","70.2633802160588"
"09/01/2022","IT1078A",NA,"14.24","11.5925003296897","5.95461458748172","9.21745764228821","14.5795152100634","22.568389930118"
"09/01/2022","IT1079A",NA,"14.37","11.9126970486421","6.08451085884713","9.45360014595391","15.0114611134112","23.3235430529931"
"09/01/2022","IT1090A",NA,"22.68","13.5996042241182","6.43866687841004","10.5141849000618","17.5904491703934","28.7247715319488"
"09/01/2022","IT1091A",NA,"22.55","12.9544270675209","6.15081330542711","10.025265345748","16.7394253279187","27.2837383146789"
"09/01/2022","IT1097A",NA,"29.98","31.1786881846157","16.0042870240805","24.7850217397527","39.2216963584231","60.740637521111"
"09/01/2022","IT1099A",NA,"25.15","30.1374447120168","15.5051465639764","23.9761205568767","37.8820907083472","58.5783288163218"
"09/01/2022","IT1104A",NA,"53.28","37.5655479420851","19.6279263668997","30.0450656079254","46.9684576696963","71.8960508517536"
"09/01/2022","IT1105A",NA,"44.48","36.9035623442176","18.3769591145013","29.0312968395167","46.9105090696398","74.1076314752692"
"09/01/2022","IT1107A",NA,"26.36","27.7689745638759","14.0745376482347","21.9784533704175","35.0850869864706","54.7880127647322"
"09/01/2022","IT1110A",NA,"25.34","21.7763562351312","8.18421957303533","15.549829716993","30.4961340098225","57.9419560591611"
"09/01/2022","IT1112A",NA,"26.08","30.0691139426562","15.544525963207","23.9613599647218","37.7337352565806","58.1652740930485"
"09/01/2022","IT1114A",NA,"3.07","9.65951890427652","4.89849944659237","7.6466825096336","12.2021942645748","19.0479363077164"
"09/01/2022","IT1120A",NA,"28.91","36.2901642438268","19.1102604296771","29.1031502410389","45.252009144592","68.9146035288322"
"09/01/2022","IT1121A",NA,"20.11","28.2128485434967","14.2740383463938","22.3160710120563","35.6677850015921","55.7631136768929"
"09/01/2022","IT1125A",NA,"37.52","44.4565879088247","23.5463741274964","35.7232574428233","55.3249717402831","83.9359893711669"
"09/01/2022","IT1128A",NA,"29.52","37.8593008470147","19.9444648396715","30.3656716442258","47.2022050892894","71.8658872096554"
"09/01/2022","IT1130A",NA,"40.25","48.5059148394643","25.1144623586658","38.6738051988973","60.8376590385382","93.684019224147"
"09/01/2022","IT1137A",NA,"22.89","14.3046052608167","6.9165203347106","11.1396442394963","18.3687851486571","29.5844907215683"
"09/01/2022","IT1143A",NA,"18.58","13.4665415266033","6.89584121506359","10.6961411112272","16.9545015161943","26.2981317336001"
"09/01/2022","IT1144A",NA,"18.94","13.8549670449806","7.17504696520832","11.0473648469443","17.3760995927092","26.7538474310079"
"09/01/2022","IT1145A",NA,"20.3","13.9442763287516","7.21879816735967","11.1172518971739","17.4901894938631","26.9356252695593"
"09/01/2022","IT1152A",NA,"56.61","45.6434937653065","23.7637349534896","36.4610599261608","57.1384520176492","87.668395863742"
"09/01/2022","IT1153A",NA,"53.18","50.3471591005259","25.6339750543747","39.9106738514546","63.5127444584924","98.8858116666178"
"09/01/2022","IT1159A",NA,"42.79","32.7421657439772","17.1494509775414","26.2092726259607","40.9034402787733","62.5121713231524"
"09/01/2022","IT1163A",NA,"40.94","31.5976114509695","16.4601977903547","25.2457901631912","39.5475460642202","60.6559570014089"
"09/01/2022","IT1166A",NA,"13.01","13.7785504820407","6.55978529636169","10.6729491251999","17.7878158285129","28.9412602408559"
"09/01/2022","IT1168A",NA,"20.76","16.1295537240119","7.66616434070833","12.4868222997483","20.8349648205558","33.9364631089749"
"09/01/2022","IT1170A",NA,"22.61","19.5785782117725","9.70001420548835","15.375078292345","24.9313023001219","39.5175426214952"
"09/01/2022","IT1172A",NA,"69.39","47.9964710803884","23.5356175384643","37.5582647268928","61.3356674735048","97.8797871951174"
"09/01/2022","IT1174A",NA,"55.74","41.941519218225","21.2725767057267","33.2036058101929","52.978915735493","82.6928988747837"
"09/01/2022","IT1176A",NA,"19.42","18.6886269766372","9.89630258118568","15.0162172702481","23.2591718663991","35.2924514389742"
"09/01/2022","IT1177A",NA,"77.71","55.9633308493304","28.3105606853762","44.2644857293259","70.754112425544","110.626364294134"
"09/01/2022","IT1179A",NA,"52.88","37.450590291915","18.7821580360798","29.5336584972486","47.4897721643101","74.6744176318098"
"09/01/2022","IT1180A",NA,"18.5","22.3338838098249","11.4134330970294","17.7268986702794","28.1381630993944","43.7030963243287"
"09/01/2022","IT1182A",NA,"18.1","22.5914631993526","11.7286397685309","18.0289574465406","28.3085814030602","43.5152088869748"
"09/01/2022","IT1183A",NA,"18.26","37.7306571908012","18.6008681477311","29.5794333748721","48.1281190889584","76.5341961860746"
"09/01/2022","IT1184A",NA,"18.84","24.6757720577475","12.4746282953114","19.5129750560085","31.204556193927","48.8105707225574"
"09/01/2022","IT1187A",NA,"29.47","25.0200346163311","9.46319193746057","17.9051244077977","34.9621771926803","66.151266542988"
"09/01/2022","IT1190A",NA,"12.32","30.2471059427544","15.0737982837608","23.8010844932477","38.4388962684351","60.6938875451072"
"09/01/2022","IT1191A",NA,"15.83","4.62576358345278","2.29080748528522","3.63208153426144","5.89130186868149","9.34067522803374"
"09/01/2022","IT1192A",NA,"19.57","16.5660692006341","8.59595436090311","13.2180392120453","20.762130022289","31.9260244107865"
"09/01/2022","IT1193A",NA,"10.22","4.16760308382126","2.09448523503052","3.2889409297886","5.28100559878186","8.2926893796047"
"09/01/2022","IT1200A",NA,"23.86","49.8455427039927","25.8177647730394","39.7470289525133","62.5097823141433","96.2352143687557"
"09/01/2022","IT1203A",NA,"57.33","48.1501209818131","25.249340953109","38.558524223279","60.127668194405","91.8215709023395"
"09/01/2022","IT1204A",NA,"36.69","40.0408048537086","20.5533775587842","31.829874109065","50.3698521658988","78.0049920626093"
"09/01/2022","IT1208A",NA,"13.37","19.4314858071962","7.08483646002234","13.7313993858905","27.4977538751982","53.2944751520877"
"09/01/2022","IT1213A",NA,"57.18","42.5447943941605","22.0767021489597","33.946774508248","53.3205159035537","81.9895796857813"
"09/01/2022","IT1214A",NA,"65.48","59.2087796266204","29.3422256568186","46.5009814900763","75.3893675474753","119.475585317743"
"09/01/2022","IT1215A",NA,"67.47","61.9187026786588","30.254886818316","48.3935182587152","79.2239514579558","126.720875355816"
"09/01/2022","IT1220A",NA,"17.47","8.76109100676249","2.58295262758286","5.75460189521176","13.3383189708817","29.7166563602848"
"09/01/2022","IT1222A",NA,"35.31","34.5687100844056","17.583612243049","27.3939137016767","43.6226721713934","67.960763714639"
"09/01/2022","IT1232A",NA,"19.93","18.0096602702316","9.27862925936281","14.3346645456179","22.6268192057771","34.9564417310745"
"09/01/2022","IT1243A",NA,"17.29","10.1528050699218","2.94737891525761","6.63337545873818","15.5395170119675","34.9732605652506"
"09/01/2022","IT1246A",NA,"24.68","24.7572710549096","11.6579508811944","19.1048360960564","32.082058542904","52.5754891517842"
"09/01/2022","IT1247A",NA,"20.72","24.8489461190502","12.5287589812343","19.6319132189435","31.452366172424","49.2842207398447"
"09/01/2022","IT1251A",NA,"56.53","43.8049393074026","22.219569558323","34.6798153230294","55.3311109027442","86.3595805800145"
"09/01/2022","IT1259A",NA,"15.13","14.8511100905287","7.36412710753359","11.6660228950409","18.9057978803349","29.9499815389352"
"09/01/2022","IT1264A",NA,"12.9","19.3601266910234","7.0144826530282","13.6513407501565","27.4562412844452","53.4343762801475"
"09/01/2022","IT1269A",NA,"15.02","8.23413265472585","2.39343544510957","5.38216513567059","12.5973356198731","28.3278751946947"
"09/01/2022","IT1270A",NA,"14.85","8.19302309937102","2.38892009287727","5.36104129947134","12.5210054832904","28.0987328571461"
"09/01/2022","IT1273A",NA,"17.46","9.68950789964532","2.75422353049703","6.2849319840729","14.9383578971441","34.0882148081663"
"09/01/2022","IT1277A",NA,"13.72","8.31736659097517","2.47910361485679","5.48375158786685","12.6151934310321","27.9046775592984"
"09/01/2022","IT1278A",NA,"15.13","9.27905063806909","2.62655971031315","6.01005214529043","14.3261287360577","32.7808198708665"
"09/01/2022","IT1286A",NA,"56.06","42.099711473941","22.114607521759","33.733341577341","52.5410654063282","80.1454741824018"
"09/01/2022","IT1287A",NA,"51.06","40.6153580186771","20.8409461972153","32.2826864490851","51.098823810311","79.1522271290031"
"09/01/2022","IT1288A",NA,"57.27","42.4005504690663","22.568896623348","34.1292406053449","52.6764337029606","79.6585987380514"
"09/01/2022","IT1290A",NA,"57.29","42.1851710700691","22.4348954156885","33.9457988252436","52.4244153856122","79.3223514189664"
"09/01/2022","IT1294A",NA,"54.61","43.4887686032847","22.6072917533478","34.7215321260833","54.4697448189302","83.6576541438218"
"09/01/2022","IT1307A",NA,"16.06","11.0455451156612","3.18587379842083","7.20060822965968","16.9435779604793","38.2953232367782"
"09/01/2022","IT1309A",NA,"14.66","8.47974620138878","2.48974696647034","5.56192798295741","12.9282680143106","28.8808849286027"
"09/01/2022","IT1328A",NA,"34.44","33.3170378427021","17.5961200967244","26.7457933641686","41.5027887001903","63.0835095754251"
"09/01/2022","IT1334A",NA,"21.77","23.4457209440942","11.896119341515","18.5635799954059","29.61184376744","46.2084999996588"
"09/01/2022","IT1335A",NA,"18","23.4882352934813","11.975119765204","18.6280329881201","29.6165031248216","46.0702863953813"
"09/01/2022","IT1340A",NA,"71.22","51.9713609708921","25.8279981380074","40.8563762438889","66.1101793522564","104.577301993531"
"09/01/2022","IT1346A",NA,"10.72","8.05850536474783","4.1621054880776","6.41960452656808","10.1158114093963","15.6025619484392"
"09/01/2022","IT1347A",NA,"18.34","9.04537825767794","2.52073640546387","5.82729705877206","14.0406207199112","32.4583195795977"
"09/01/2022","IT1348A",NA,"10.6","8.59084309640988","4.47577931715574","6.86417621968589","10.7518488373701","16.4893261882343"
"09/01/2022","IT1350A",NA,"17.32","10.3060929460154","2.95928952124649","6.7081954313107","15.8336996737072","35.8922474632253"
"09/01/2022","IT1361A",NA,"17.89","42.6920357567099","19.7542988646624","32.7469138441668","55.6574560193818","92.2639638864926"
"09/01/2022","IT1365A",NA,"14.92","28.4332442399339","14.9747952107662","22.8032648535952","35.4532293159885","53.9873411708825"
"09/01/2022","IT1375A",NA,"16.45","9.98937031283662","2.8811640540967","6.51202666951852","15.3235734911939","34.6344454440539"
"09/01/2022","IT1377A",NA,"19.56","11.8801294255658","3.48278036959984","7.78814430543263","18.1220929701758","40.5243685189403"
"09/01/2022","IT1378A",NA,"19.45","11.6871996388926","3.41338842328427","7.65177968451684","17.850832228706","40.0161418687613"
"09/01/2022","IT1383A",NA,"18.36","9.29811058221929","2.67569614776013","6.05665495939642","14.2743578722526","32.3111652537793"
"09/01/2022","IT1385A",NA,"14.99","35.4984724070859","17.7429667784507","27.9616170767824","45.0668335731907","71.0220313756726"
"09/01/2022","IT1388A",NA,"65.6","53.9027232812589","26.612583576836","42.2790839004109","68.7220088301802","109.177809390328"
"09/01/2022","IT1392A",NA,"65.44","46.8156199510384","24.1612073908097","37.2847073750236","58.7828744196674","90.7116203238141"
"09/01/2022","IT1393A",NA,"67.5","54.0794687538954","28.1795997025853","43.2124589307792","67.6792992823752","103.783906498687"
"09/01/2022","IT1396A",NA,"17.51","9.77249649071676","2.77127525583734","6.33362322362169","15.0785236647629","34.4612782364036"
"09/01/2022","IT1397A",NA,"15.12","8.98049885093022","2.52168396124054","5.8005999210604","13.9036238853059","31.9823422963295"
"09/01/2022","IT1407A",NA,"14.84","11.8367642274882","3.60005660597258","7.85854453015935","17.8288723617251","38.9185512096393"
"09/01/2022","IT1409A",NA,"25.36","22.3214469642194","8.29880701857589","15.8798272826748","31.3760965851347","60.0383878623992"
"09/01/2022","IT1420A",NA,"12.6","16.7838374222833","5.77304471583277","11.6249199828373","24.2321838802785","48.7952566598129"
"09/01/2022","IT1423A",NA,"12.73","19.1285268327081","6.80943991897827","13.4064380005009","27.2928975448932","53.7343075411899"
"09/01/2022","IT1427A",NA,"12.44","6.46917841178833","1.94604517911568","4.27873960442562","9.78098066081451","21.5052917438256"
"09/01/2022","IT1428A",NA,"12.47","6.24087336732082","1.8738387731722","4.1250665784754","9.44190830523019","20.7854063778384"
"09/01/2022","IT1440A",NA,"10.36","5.71236718060287","2.89595463367782","4.52155977343759","7.21678810876813","11.2678349400065"
"09/01/2022","IT1449A",NA,"10.69","8.36264781397857","4.22831031002183","6.61331671597196","10.5747057738429","16.5394385305367"
"09/01/2022","IT1451A",NA,"49.16","37.6218376820244","19.4969921115944","30.0053932018379","47.1716088188405","72.5959503122989"
"09/01/2022","IT1456A",NA,"17.45","14.9796790008523","7.58511388716796","11.8521484197095","18.9324985667093","29.583047309044"
"09/01/2022","IT1457A",NA,"16.89","14.5744781551158","7.4082157129088","11.5467349417287","18.3961452796757","28.6729519935299"
"09/01/2022","IT1459A",NA,"55.7","49.4833655996629","25.7473904824755","39.5202365243179","61.9582190395853","95.101034519848"
"09/01/2022","IT1464A",NA,"59.2","48.1375717222865","24.8656144045167","38.3492940926534","60.424210305404","93.1899680265839"
"09/01/2022","IT1465A",NA,"60.37","47.2253558549555","24.174406103523","37.5054568956217","59.4642598764751","92.2560093545449"
"09/01/2022","IT1474A",NA,"25.13","14.6988795337043","6.6474713508826","11.1862929730429","19.3144467132244","32.5021422646171"
"09/01/2022","IT1475A",NA,"22.78","14.1089231560468","6.67451358553212","10.9049793992561","18.2542034546909","29.8241527374707"
"09/01/2022","IT1476A",NA,"22.81","14.1537057330559","6.7364958167599","10.9624850138783","18.2739028353815","29.7376249354359"
"09/01/2022","IT1485A",NA,"21.64","20.7229173683782","10.7262147093852","16.5206498382319","25.9940927543193","40.0364262595715"
"09/01/2022","IT1486A",NA,"21.17","19.7300450521152","10.0697214389062","15.653193526691","24.8687066377046","38.6579390621929"
"09/01/2022","IT1487A",NA,"21.26","22.0604886316333","11.2818364273342","17.5142370163415","27.786831833573","43.1370514721613"
"09/01/2022","IT1488A",NA,"21.9","21.737532200442","11.4034661132177","17.4097738378024","27.1410938802234","41.4365510866523"
"09/01/2022","IT1491A",NA,"20.45","21.6425839362044","11.2391565456901","17.273371564999","27.1169665790535","41.6758533019339"
"09/01/2022","IT1492A",NA,"20.33","20.6995063572805","10.7979508459047","16.5463183593661","25.8951601274225","39.6806365901918"
"09/01/2022","IT1493A",NA,"20.89","26.6441064538915","13.8352633645674","21.26453895112","33.3846132454667","51.3115211485172"
"09/01/2022","IT1495A",NA,"20.8","19.9635898302931","10.3722143877776","15.9359626876912","25.0091523632905","38.4242847295768"
"09/01/2022","IT1496A",NA,"19.73","16.6102282313625","8.67671991931927","13.2838203408091","20.7696035341853","31.7976936519114"
"09/01/2022","IT1497A",NA,"20.56","17.7802396911019","9.28306592704414","14.2169742545024","22.2365826802364","34.055227654049"
"09/01/2022","IT1504A",NA,"19.2","17.1343438094673","8.88747610469849","13.6696917228789","21.477129384685","33.0336458092777"
"09/01/2022","IT1509A",NA,"56.33","42.8507614503857","22.328193385464","34.2399067623941","53.6271249107068","82.2362886767745"
"09/01/2022","IT1510A",NA,"17.63","29.129003053344","14.9016283845525","23.1286922487082","36.6859833559815","56.9400066211092"
"09/01/2022","IT1519A",NA,"19.07","21.8555333581015","10.3080834012058","16.8749244625264","28.3061615729199","46.3388119571496"
"09/01/2022","IT1523A",NA,"50.22","42.366425956962","22.0249071469972","33.826009496102","53.063133225147","81.4947384970682"
"09/01/2022","IT1529A",NA,"14.57","16.7364738874268","7.37553732021286","12.6239999646495","22.1886532770041","37.9781900658101"
"09/01/2022","IT1532A",NA,"14.17","23.1523518182917","12.2040634423882","18.5735420589262","28.8599445930856","43.922370384946"
"09/01/2022","IT1533A",NA,"44.42","32.3572233400147","16.3660088268466","25.5916248927793","40.9114273385197","63.97344113356"
"09/01/2022","IT1535A",NA,"72.11","49.2038812996591","25.0082106438451","38.9809744894776","62.1077837755046","96.8090828020433"
"09/01/2022","IT1536A",NA,"17.94","15.154651430442","7.64554414823733","11.9754238302454","19.1778982718053","30.0388638827162"
"09/01/2022","IT1538A",NA,"25.11","16.5373729769389","7.44071637243453","12.5632823906006","21.768571021137","36.7551578758681"
"09/01/2022","IT1539A",NA,"11.5","3.6996882376007","1.68059271293462","2.81987320501413","4.8540101133279","8.14456289741954"
"09/01/2022","IT1544A",NA,"17.99","15.2791736252699","7.71459264936","12.0771786179034","19.3301063151512","30.26124090823"
"09/01/2022","IT1546A",NA,"17.11","13.4412066711952","6.78668351169393","10.6244392495704","17.0047597368574","26.620666260108"
"09/01/2022","IT1547A",NA,"18.22","14.0334647617857","7.04677789929695","11.0715627800074","17.7877447956944","27.9472598731866"
"09/01/2022","IT1549A",NA,"24.31","12.6112043239265","6.36564555892982","9.96731990342711","15.9563930967179","24.9845004764232"
"09/01/2022","IT1551A",NA,"25.3","23.4376650462279","8.81152754363972","16.7380399038369","32.8189050793965","62.3415338712394"
"09/01/2022","IT1552A",NA,"14.43","11.2133848466476","5.67468262877164","8.870408780884","14.1752204238885","22.1580673219508"
"09/01/2022","IT1553A",NA,"25.76","23.4231603183281","9.15703061617243","16.9541684181815","32.3604452760855","59.915103737791"
"09/01/2022","IT1557A",NA,"17.46","19.5157132621841","6.44782414356839","13.3311001767364","28.5695148249219","59.068463353129"
"09/01/2022","IT1560A",NA,"19.11","19.9260038386821","6.65672826768252","13.6633658704865","29.0591376050913","59.6457618537286"
"09/01/2022","IT1566A",NA,"10.59","8.07941549377085","4.20689971159131","6.45425795752394","10.1137814990628","15.5166415165844"
"09/01/2022","IT1571A",NA,"23.86","21.4288818391496","8.60880008844239","15.6567987561531","29.3289186396275","53.3404158719778"
"09/01/2022","IT1575A",NA,"17.15","9.31908685179716","2.67468134398601","6.06482122995972","14.3195283848318","32.4694304039656"
"09/01/2022","IT1576A",NA,"17.53","9.84919730693433","2.78398999114406","6.37621916575042","15.2138257906801","34.8444814455164"
"09/01/2022","IT1578A",NA,"20.62","41.8137687821018","19.7007405546655","32.2733281541545","54.1744951562427","88.747489207913"
"09/01/2022","IT1580A",NA,"20.91","13.6785432358787","7.08957794084629","10.9098147715262","17.1499286627786","26.3912106781167"
"09/01/2022","IT1582A",NA,"52.55","33.3287438938064","17.3547712317698","26.6251108138929","41.7202083139998","64.0057511968517"
"09/01/2022","IT1585A",NA,"9.75","4.43548363885133","2.3171357097302","3.54730780459786","5.54604116536432","8.49044578092863"
"09/01/2022","IT1586A",NA,"9.79","4.35938897580969","2.27356277614439","3.48443675217598","5.45404425278868","8.35880690949709"
"09/01/2022","IT1587A",NA,"25.41","16.611282751949","7.26581987518398","12.4973623122152","22.0794362659626","37.9770926619911"
"09/01/2022","IT1588A",NA,"36.32","37.9132023886515","19.5373828540296","30.1790855332669","47.6293727912455","73.572336996323"
"09/01/2022","IT1590A",NA,"47.2","48.5900038562588","25.5541538419853","38.9497091723662","60.6163312876878","92.3915731802537"
"09/01/2022","IT1592A",NA,"13.31","15.5967578952825","5.47481369341563","10.878493722662","22.3614466345925","44.4323534034801"
"09/01/2022","IT1593A",NA,"13.28","16.0120454404536","5.68018695270593","11.2087622438805","22.8736762908077","45.1368240731959"
"09/01/2022","IT1594A",NA,"18.89","20.414168290621","10.5349544457593","16.2578233130768","25.6330911569569","39.5576714776918"
"09/01/2022","IT1596A",NA,"33.93","33.080841869345","16.9546693383325","26.2832412533242","41.6364971213815","64.5451749572274"
"09/01/2022","IT1598A",NA,"11.33","10.1095618166385","5.05351712763067","7.96343392113275","12.8340664513101","20.2241800202134"
"09/01/2022","IT1601A",NA,"11.54","8.73944000967161","4.27144796802967","6.83108207802876","11.1809243118755","17.8810118382129"
"09/01/2022","IT1606A",NA,"11.75","18.8659104286276","10.0334682776053","15.181235280817","23.4449021912428","35.4735338223392"
"09/01/2022","IT1607A",NA,"14.34","14.5081793186902","7.20332469206939","11.4016774617298","18.4610788938539","29.220849557845"
"09/01/2022","IT1608A",NA,"16.56","13.5010323770057","6.89009378527435","10.7110269200058","17.0177777169527","26.4550644629139"
"09/01/2022","IT1609A",NA,"18.43","15.7846904916671","8.01770570014734","12.5024968541238","19.9285356217102","31.075779435649"
"09/01/2022","IT1610A",NA,"12.81","15.1508454376116","7.5318919806106","11.9118987451598","19.2704893136931","30.4768201755047"
"09/01/2022","IT1611A",NA,"15.65","15.0320019022258","7.36812097104034","11.7612190934773","19.2123860113988","30.6673956734203"
"09/01/2022","IT1613A",NA,"15.02","14.3842103017951","7.2696057755577","11.3734789527584","18.19192762968","28.4617230141886"
"09/01/2022","IT1614A",NA,"12.64","15.4478386473208","7.75659866235628","12.1872058046834","19.5808393407087","30.7655106653623"
"09/01/2022","IT1617A",NA,"12.16","20.322593729148","9.87839610593594","15.8549378842171","26.0491601352243","41.8091977129595"
"09/01/2022","IT1618A",NA,"13.22","16.1087060171094","8.08322621466721","12.7057669225953","20.4230418459976","32.1023317490242"
"09/01/2022","IT1619A",NA,"18.81","31.244538304583","15.3443629057547","24.4622793304087","39.9072040949607","63.6208345607128"
"09/01/2022","IT1621A",NA,"11.71","19.4491049006106","10.3389787474571","15.6481051512791","24.1733857088784","36.58656146556"
"09/01/2022","IT1624A",NA,"12.01","17.6912615276774","9.37994083487744","14.2209874589628","22.0083686413366","33.3670265037197"
"09/01/2022","IT1644A",NA,"24.06","18.6331641548083","7.47225038933275","13.605741889973","25.5182561324279","46.4645573060136"
"09/01/2022","IT1648A",NA,"44.86","40.6685187115646","21.9344819961286","32.8840604743767","50.2957478588029","75.4031216458542"
"09/01/2022","IT1650A",NA,"52.4","47.0524932657687","25.238219207657","37.9739895403617","58.3014097102455","87.7216060415831"
"09/01/2022","IT1651A",NA,"22.64","13.810467571742","6.54171860671357","10.6790174264017","17.8601651195548","29.1557962084151"
"09/01/2022","IT1654A",NA,"28.18","24.8064500481759","9.47521739372463","17.8125118270128","34.5465013563918","64.9441525637387"
"09/01/2022","IT1657A",NA,"13.29","18.1534320732893","9.29842494789341","14.4201874682466","22.8531769621717","35.4411739500237"
"09/01/2022","IT1658A",NA,"13.34","16.884149141128","8.65326620547349","13.4145916623976","21.2510749036771","32.9441491167271"
"09/01/2022","IT1662A",NA,"16.33","13.4309828618102","6.72112238951471","10.5837233882902","17.0442191293305","26.839460759658"
"09/01/2022","IT1663A",NA,"13.07","17.4458938132291","9.00054994852678","13.8925147077244","21.9081438706874","33.8156237877758"
"09/01/2022","IT1664A",NA,"13.17","18.3380382346866","9.53007541932766","14.6396470686265","22.9707481826868","35.286567157152"
"09/01/2022","IT1665A",NA,"13.01","14.4936241614986","7.40469901667483","11.5028021007151","18.2620842726414","28.3691667766271"
"09/01/2022","IT1666A",NA,"13.54","16.9530674684233","8.85819102556607","13.5592562720317","21.1963319243209","32.4452809562827"
"09/01/2022","IT1670A",NA,"29.51","27.023833456734","13.7054859623249","21.3933233005109","34.1362379485874","53.2843254668085"
"09/01/2022","IT1672A",NA,"16.01","6.86498909027341","3.42482774925303","5.40394692729071","8.7210470131691","13.760714015428"
"09/01/2022","IT1674A",NA,"10.04","4.4252164717957","2.23732709613527","3.49945465710016","5.59588357075017","8.7526499169829"
"09/01/2022","IT1676A",NA,"50.5","39.4631254705724","20.8480999542033","31.6827896828221","49.1540766295118","74.6992903586955"
"09/01/2022","IT1680A",NA,"12.78","11.7713007181105","5.90690654206066","9.28471685284564","14.9238283506427","23.4578826682857"
"09/01/2022","IT1681A",NA,"19.35","13.8046220230051","5.92795701098398","10.3201573644937","18.465570094278","32.1472623443341"
"09/01/2022","IT1687A",NA,"13.95","14.3415763244836","7.17990155031874","11.3029584488059","18.1970775529763","28.6467453668439"
"09/01/2022","IT1692A",NA,"56.6","45.9744311641154","23.3549107802604","36.4161056275272","58.0415803513668","90.5012372237552"
"09/01/2022","IT1696A",NA,"26.09","27.4126083125699","13.8122560961214","21.6524304362614","34.7051614695373","54.404659837533"
"09/01/2022","IT1698A",NA,"21.64","12.8785074079293","6.51285963176371","10.1852022760834","16.2840117025016","25.4659185724189"
"09/01/2022","IT1701A",NA,"13.45","16.1609304885061","8.09004304700612","12.7364626673417","20.5061390337228","32.2835951226466"
"09/01/2022","IT1702A",NA,"13.38","16.2234602211556","8.1417291534422","12.7967772013392","20.5677302500722","32.327366409154"
"09/01/2022","IT1704A",NA,"12.89","15.8326711197169","8.0021304356646","12.5190290920252","20.0233958194729","31.3258421367256"
"09/01/2022","IT1706A",NA,"20.31","13.5478589069391","6.99855342422122","10.7932351325172","17.0055112029717","26.2260598493257"
"09/01/2022","IT1718A",NA,"10.62","13.1469682076897","6.41828066671706","10.2721176892673","16.8264011650291","26.9297623505785"
"09/01/2022","IT1725A",NA,"6.06","16.2737161940946","7.92473580487428","12.7041107885583","20.8463105504758","33.4186331616311"
"09/01/2022","IT1728A",NA,"15.35","29.6314288348834","15.5948492271419","23.7584411805602","36.9561945636055","56.3020239572829"
"09/01/2022","IT1734A",NA,"27.8","33.1262380121745","17.2699907652682","26.4742435125994","41.4496317644354","63.5407198390701"
"09/01/2022","IT1735A",NA,"43.52","30.224935731264","15.2078235004756","23.8622211634381","38.2842290205066","60.0708405072212"
"09/01/2022","IT1736A",NA,"50.92","32.9202009152434","17.3219213353969","26.3933874227274","41.0610283152507","62.5646316777457"
"09/01/2022","IT1737A",NA,"59.48","47.2898110670697","24.1868427151228","37.5456670213865","59.5628312978248","92.4604445937412"
"09/01/2022","IT1739A",NA,"54.2","50.4419229625703","25.9335659611666","40.1200327293314","63.4193797728809","98.1117520040202"
"09/01/2022","IT1740A",NA,"10.31","6.6063921690944","3.46899366040359","5.29284532978442","8.24592724186963","12.5812906463467"
"09/01/2022","IT1741A",NA,"10.95","14.4210754339115","6.11524133576455","10.7344279208866","19.3738705223324","34.0080473119325"
"09/01/2022","IT1742A",NA,"10.47","6.77680502664778","3.5529113335001","5.4264512898376","8.46318964572757","12.9260434776897"
"09/01/2022","IT1743A",NA,"51.34","50.0746120050422","26.3664379934387","40.1562904241659","62.4426893263659","95.1007021911528"
"09/01/2022","IT1744A",NA,"11.69","15.0671951662249","6.801599525299","11.4593838759442","19.8108705175394","33.3774973567163"
"09/01/2022","IT1745A",NA,"12.69","26.1148262222721","12.9036874920402","20.4890854634057","33.2852410537073","52.8518804442652"
"09/01/2022","IT1746A",NA,"54.15","36.6834026471739","19.2791291459596","29.3984727456357","45.7735352927288","69.7994198589982"
"09/01/2022","IT1751A",NA,"21.54","10.2231825935241","4.91949190955197","7.94815947794635","13.1493917089265","21.2447676024437"
"09/01/2022","IT1753A",NA,"12.34","7.5552188654555","3.01076166051141","5.50479685818706","10.3693803014801","18.9591002348684"
"09/01/2022","IT1773A",NA,"15.29","15.9649695180643","8.04032451393294","12.6081839841764","20.2154610079139","31.7002443459894"
"09/01/2022","IT1788A",NA,"16.44","28.4139454086374","14.3598736261946","22.4665746898256","35.9357091515447","56.22279935753"
"09/01/2022","IT1790A",NA,"15.96","14.3768904288624","7.44502635684432","11.4633612117436","18.0309225702291","27.762826952721"
"09/01/2022","IT1791A",NA,"21.82","10.5114292553798","4.97812070875558","8.12750441319721","13.5945967388765","22.1951518364197"
"09/01/2022","IT1792A",NA,"57.09","46.5487604987385","24.7770201788732","37.4682993389303","57.8298759804555","87.4514807804247"
"09/01/2022","IT1794A",NA,"10.93","8.41322699490486","4.24206559190706","6.64694850236066","10.6488546500184","16.6858307431251"
"09/01/2022","IT1795A",NA,"13.96","15.2699999210854","7.51831444003293","11.9658263866322","19.4865686711316","31.0139858408111"
"09/01/2022","IT1796A",NA,"11.54","13.7447764587044","6.81382252583992","10.7960279687755","17.4989246458187","27.7258292512492"
"09/01/2022","IT1798A",NA,"12.37","7.73679051812993","3.08203611880792","5.63641062600647","10.6198663463659","19.4215529000929"
"09/01/2022","IT1799A",NA,"12.3","7.25839888447277","2.89781289643765","5.29188561269117","9.95568654011836","18.1807301744297"
"09/01/2022","IT1800A",NA,"11.39","11.6570332033046","4.05462839884941","8.10504765150627","16.7656538179258","33.5139030598976"
"09/01/2022","IT1802A",NA,"10.42","12.1810567315903","4.92163750934698","8.91748543336352","16.6390115472558","30.1481250531815"
"09/01/2022","IT1804A",NA,"13.03","24.9878162882447","11.6746449504938","19.2308018392192","32.4682750139772","53.4826511215367"
"09/01/2022","IT1806A",NA,"10.63","6.17262721981751","2.6697081961291","4.62597427349851","8.23638968619188","14.2717196021934"
"09/01/2022","IT1812A",NA,"12.73","9.35763718053072","4.67258059584896","7.36838362991365","11.883932487847","18.7402596501476"
"09/01/2022","IT1817A",NA,"11.81","12.5154178548881","6.16606007135343","9.80947353563303","15.9677972027216","25.4028800027684"
"09/01/2022","IT1818A",NA,"11.44","12.9340521619152","6.20691309408719","10.0462616529898","16.6519359245791","26.9521584709322"
"09/01/2022","IT1819A",NA,"16.43","13.385732409364","6.40729731106054","10.3879680677716","17.2485928880541","27.9646508405026"
"09/01/2022","IT1822A",NA,"11.08","16.5052317710188","8.3837507380819","13.0732400663914","20.8381911776706","32.4941287409237"
"09/01/2022","IT1823A",NA,"12.19","15.4442939079764","7.8508757026316","12.2361381375372","19.4935862634814","30.3821157474195"
"09/01/2022","IT1826A",NA,"23.37","32.7052563581907","17.2234135201143","26.2287071532501","40.7810338193673","62.1034728223765"
"09/01/2022","IT1827A",NA,"11.52","26.8018919889027","12.767205200197","20.7649279983963","34.5939756805457","56.2645781062343"
"09/01/2022","IT1829A",NA,"11.3","7.56474742234127","3.78402984404668","5.96026098966179","9.60115734245156","15.122873212496"
"09/01/2022","IT1830A",NA,"49.36","33.9338324424411","17.4497728033627","26.9918244663619","42.6612504711089","65.9896834880145"
"09/01/2022","IT1833A",NA,"50.98","36.3934683071346","18.503377128646","28.8354300942051","45.9325396255692","71.5806917955484"
"09/01/2022","IT1834A",NA,"19.68","18.6253756770319","9.8043480102527","14.9348089965086","23.2279247221487","35.3827321049603"
"09/01/2022","IT1835A",NA,"19.91","17.6945009154952","9.41100653953311","14.2388879503952","21.9887510695503","33.2690622765195"
"09/01/2022","IT1836A",NA,"19.04","17.7458578259339","9.06566687341835","14.0836146343664","22.3604151458258","34.7371544063273"
"09/01/2022","IT1837A",NA,"19.08","17.8880461071793","9.247246727706","14.2544748466883","22.4478416058179","34.602969181504"
"09/01/2022","IT1838A",NA,"78.2","55.9224171797158","28.4700525129507","44.3288763865536","70.5480715538911","109.84583684205"
"09/01/2022","IT1841A",NA,"18.12","20.5411735552042","10.8503381210367","16.490642570842","25.5866203643923","38.88724999334"
"09/01/2022","IT1842A",NA,"9.29","10.0425120424908","5.04694347784945","7.92520321670332","12.7254841757263","19.9827972249348"
"09/01/2022","IT1843A",NA,"14.97","22.0302668446897","11.0427700595722","17.3699947294799","27.9408638175659","43.9502638042831"
"09/01/2022","IT1847A",NA,"3.66","6.96314655638251","3.36885910101827","5.42365876549003","8.93961291852788","14.3922344365802"
"09/01/2022","IT1848A",NA,"27.44","12.9882469214009","6.19488892110965","10.067130121216","16.7569660926271","27.2312482498981"
"09/01/2022","IT1850A",NA,"24.11","13.2329464579098","6.60104696118423","10.416291226133","16.8112496239141","26.5277421881108"
"09/01/2022","IT1852A",NA,"20.48","25.552322828479","12.5004894634773","19.9790897774346","32.6802276382105","52.2316509156258"
"09/01/2022","IT1856A",NA,"14.68","21.4702214437292","8.89130672195286","15.8517682886748","29.0800622648584","51.8450688136338"
"09/01/2022","IT1857A",NA,"12.61","19.1541041809444","8.27159576557755","14.3471525654812","25.5716042120563","44.3541630142581"
"09/01/2022","IT1859A",NA,"25.61","26.8431051740316","13.9968960041442","21.4541532873253","33.5856785273278","51.4794348097449"
"09/01/2022","IT1860A",NA,"12.51","25.8113948261416","12.531498813366","20.1288699515637","33.0981373755268","53.164279292783"
"09/01/2022","IT1862A",NA,"49.87","45.5488675462912","23.7469417664416","36.4026086174093","56.9931500391808","87.3670115147829"
"09/01/2022","IT1863A",NA,"8.25","7.04331445647825","2.76427942103421","5.10495153724171","9.71767864414236","17.9461881296629"
"09/01/2022","IT1868A",NA,"67","56.1404953470798","29.4617213778722","44.9689300614369","70.0873961979867","106.977972447417"
"09/01/2022","IT1869A",NA,"66.81","56.4550389841806","29.6876070914745","45.2528059132324","70.4303603364712","107.356966052701"
"09/01/2022","IT1870A",NA,"73.38","45.6773260712809","23.0708885948539","36.1092188758893","57.7807602040168","90.4350999938295"
"09/01/2022","IT1871A",NA,"74.2","48.2766484502039","24.5273351478492","38.2412375202848","60.9455900674843","95.0219325310171"
"09/01/2022","IT1874A",NA,"54.33","39.5684095607777","20.7790281243132","31.7019768934797","49.3867950390016","75.3480396581926"
"09/01/2022","IT1876A",NA,"42.42","41.2470980710107","21.3874282180118","32.902921925208","51.7073560563061","79.5478110756099"
"09/01/2022","IT1877A",NA,"37.52","38.0739908617197","20.0539834529224","30.5359908456332","47.4727932512995","72.2863257338068"
"09/01/2022","IT1878A",NA,"44.45","32.2171437499822","16.400964983922","25.5376512582717","40.6436888384882","63.2855659666687"
"09/01/2022","IT1880A",NA,"65.34","58.5730355395881","30.2414600407888","46.6550502627117","73.5354580694528","113.446919814536"
"09/01/2022","IT1882A",NA,"8.45","12.6991616268795","4.3968850477181","8.8156988034019","18.2933548005721","36.6779445619815"
"09/01/2022","IT1883A",NA,"20.4","13.1198873749435","6.7720820658603","10.4494198216059","16.4728231490222","25.4178025394816"
"09/01/2022","IT1884A",NA,"22.8","14.3215631809402","7.28222446114226","11.3477372036445","18.0747199432667","28.1654559043201"
"09/01/2022","IT1887A",NA,"23.03","14.7665646642418","7.54673518433924","11.7208059944245","18.6037915896704","28.8934786575959"
"09/01/2022","IT1888A",NA,"14.79","10.8259339685335","5.55796847723619","8.60640323400792","13.6178660358293","21.0869937048165"
"09/01/2022","IT1889A",NA,"13.24","8.15525495220058","4.09554954487922","6.43425712507858","10.3365753097068","16.2391353361966"
"09/01/2022","IT1890A",NA,"10.41","5.10821997874613","2.49419173012095","3.99141673907701","6.53750611801441","10.4618706878624"
"09/01/2022","IT1894A",NA,"12.5","10.932229444479","5.40242869190782","8.57753740093664","13.9333278352926","22.1222060377679"
"09/01/2022","IT1895A",NA,"11.36","14.715746012978","6.03534259603755","10.8286637998586","19.998144251307","35.8808430959088"
"09/01/2022","IT1897A",NA,"10.09","6.07845880462693","3.14804362732481","4.84681360372979","7.62308280456962","11.7367056538999"
"09/01/2022","IT1898A",NA,"16.92","11.4615140156021","5.36762100868697","8.82802664566107","14.8805966273798","24.4738410773115"
"09/01/2022","IT1899A",NA,"10.77","8.88025671804081","4.40170965165189","6.97480602259284","11.3062584282442","17.9155295599096"
"09/01/2022","IT1900A",NA,"13.49","25.9654565643993","13.3657622998284","20.6607947479706","32.6320910120812","50.4426847847175"
"09/01/2022","IT1901A",NA,"15.89","16.2311289707602","8.49714345752844","12.9903564435526","20.2803940607962","31.0044839165372"
"09/01/2022","IT1902A",NA,"17.83","19.4307524063741","9.94828056734915","15.4324764916862","24.4649093929422","37.9516979363217"
"09/01/2022","IT1903A",NA,"50.65","45.0987564901491","23.4021021895836","35.9846701419895","56.5212305387918","86.9109031522417"
"09/01/2022","IT1904A",NA,"21.76","10.4860052329489","5.27956659643924","8.28045408765062","13.279018829344","20.8267674508718"
"09/01/2022","IT1905A",NA,"76","55.1827933499876","28.260421330528","43.8318492529993","69.4732422611413","107.75284084735"
"09/01/2022","IT1906A",NA,"19.18","17.4092824563584","8.95046812194836","13.8467721381475","21.8883587179343","33.8622641314199"
"09/01/2022","IT1908A",NA,"27.87","30.4376893618439","15.7074291126129","24.2404006270819","38.219373843725","58.9818312752517"
"09/01/2022","IT1910A",NA,"52.85","40.8993454048648","21.0930102686966","32.5650038345411","51.366689930255","79.3038278196316"
"09/01/2022","IT1911A",NA,"28.48","23.4848324131395","12.0777711978998","18.6810554523262","29.5238861037999","45.665491127134"
"09/01/2022","IT1914A",NA,"56.99","43.1969875956672","22.4332247098396","34.4767372156562","54.1228633576401","83.1792914962322"
"09/01/2022","IT1915A",NA,"23.86","29.4663049153644","14.5985779909747","23.1398042620122","37.5224922187706","59.4758699033574"
"09/01/2022","IT1916A",NA,"25.45","24.9459203006594","12.7166771246616","19.7832248883624","31.4558896822186","48.9356561896203"
"09/01/2022","IT1917A",NA,"54.82","41.4458324421179","21.4081077036026","33.0177903009872","52.0251964520095","80.2386203676957"
"09/01/2022","IT1918A",NA,"57.15","45.7822227684648","23.861577629063","36.585400058076","57.2909389618291","87.8404585901491"
"09/01/2022","IT1919A",NA,"50.02","37.4851411283074","18.4644298576238","29.3785273718303","47.8286670950173","76.0996042793573"
"09/01/2022","IT1920A",NA,"36.51","36.1223395274401","19.0666776370346","28.9920192454778","45.0062964530899","68.4347550095046"
"09/01/2022","IT1921A",NA,"61.1","42.7979776881447","22.3603968341647","34.2292112605267","53.5118054650363","81.9156702709456"
"09/01/2022","IT1923A",NA,"44.52","39.6869257407533","20.3669440540189","31.5460133532447","49.9287202194144","77.3337458272866"
"09/01/2022","IT1924A",NA,"45.32","44.1977699478592","21.4888082037017","34.4843296170227","56.6472623959492","90.9051283740988"
"09/01/2022","IT1927A",NA,"42.81","43.0381830237671","21.344588186398","33.8097872813527","54.7854732883481","86.7800859783118"
"09/01/2022","IT1928A",NA,"31.57","35.4096426912075","17.5736133757822","27.8237233453275","45.0638032860382","71.3480357572265"
"09/01/2022","IT1930A",NA,"18.99","23.2426020849911","11.9608866796122","18.4924650460883","29.2129010564497","45.1654267908127"
"09/01/2022","IT1932A",NA,"13.63","14.7105315947372","7.47902334789587","11.6554100735459","18.5664629930887","28.9342243945052"
"09/01/2022","IT1934A",NA,"49.87","44.4223590530886","23.0051251645352","35.4206153829709","55.711792765471","85.7785371619557"
"09/01/2022","IT1936A",NA,"50.01","40.8094965715712","21.3371304569862","32.6470912749938","51.0126613240031","78.0524360472187"
"09/01/2022","IT1938A",NA,"11.99","13.121234700385","6.61360185382238","10.3653100886952","16.6099034750885","26.0322293158733"
"09/01/2022","IT1940A",NA,"9.09","8.36815924287137","4.16378098507357","6.58125204619128","10.6402381526444","16.8179088585795"
"09/01/2022","IT1943A",NA,"12.04","10.2109586957351","4.33332976911954","7.60264179437835","13.7141378360223","24.0608684409433"
"09/01/2022","IT1944A",NA,"20.93","14.6058108603324","7.44028523674132","11.5802111722191","18.4219188851737","28.6722489931362"
"09/01/2022","IT1947A",NA,"14.9","8.15291651013657","2.38201938208592","5.3384973888847","12.4510780429817","27.9049146791787"
"09/01/2022","IT1948A",NA,"47.63","33.5093570643914","16.967616052659","26.513007524364","42.3519289479706","66.1776532062034"
"09/01/2022","IT1953A",NA,"13.28","12.3064991826054","5.64283739562681","9.41018389243256","16.0942574409475","26.839320631291"
"09/01/2022","IT1961A",NA,"3.31","3.31264366813797","1.43765650027495","2.48553279393525","4.41499226999956","7.63298330996028"
"09/01/2022","IT1962A",NA,"13.27","25.4053705844238","11.8343124154487","19.532056769808","33.044797183346","54.5391089802013"
"09/01/2022","IT1963A",NA,"1.94","4.24980442222717","2.08039259178634","3.32361353208459","5.43409679038518","8.68145642245034"
"09/01/2022","IT1964A",NA,"54.52","40.3672407443432","21.4061033471803","32.4506321040471","50.2151736239534","76.1238091250461"
"09/01/2022","IT1965A",NA,"56.07","42.3778521083121","22.3592992005059","34.0078849565151","52.8078224097239","80.3192592580601"
"09/01/2022","IT1967A",NA,"15.11","39.3615388039853","19.9902194216769","31.1751938219126","49.6975494641074","77.504438762567"
"09/01/2022","IT1975A",NA,"42.97","38.8117486412173","20.1187176703516","30.9570950921949","48.659340551912","74.8731533127931"
"09/01/2022","IT1976A",NA,"5.64","15.7505188870722","7.65105022540882","12.2852368731617","20.1932488378773","32.4241558875355"
"09/01/2022","IT1977A",NA,"12.73","18.1220340334425","6.76515743923853","12.9104719906764","25.4373440216915","48.5440465294201"
"09/01/2022","IT1992A",NA,"16.06","10.1588320214865","3.01844631334849","6.69059181931186","15.4249236581575","34.1903937745683"
"09/01/2022","IT1994A",NA,"16.71","10.522978624558","3.09716099626794","6.90785920341171","16.0300139120114","35.7530910618913"
"09/01/2022","IT1997A",NA,"11.15","9.01720399057163","4.54496678262553","7.12324583781542","11.4147355936991","17.8901126667002"
"09/01/2022","IT1999A",NA,"23.66","15.5210568019848","7.69626544582791","12.1922526431858","19.7587116426002","31.3013117785626"
"09/01/2022","IT2003A",NA,"10.91","18.3829822939508","9.48976315079733","14.6417948350179","23.0800965200994","35.6103764287641"
"09/01/2022","IT2004A",NA,"18.41","22.0370235789359","11.2986330474561","17.5109792569278","27.7329097986596","42.9813417409744"
"09/01/2022","IT2005A",NA,"14.61","8.61171306360928","2.5383583852229","5.65605988203108","13.1118841449231","29.2163637418861"
"09/01/2022","IT2006A",NA,"16.63","9.52160474538345","2.82205006608123","6.26552521044341","14.4698096140758","32.1259208038087"
"09/01/2022","IT2007A",NA,"32.21","36.3453817265902","19.5328771088809","29.3523047212839","45.0045332179208","67.6288887442471"
"09/01/2022","IT2008A",NA,"19.25","11.6301333270209","3.36912215500194","7.59306921096034","17.8136136318947","40.1469566793446"
"09/01/2022","IT2009A",NA,"17.14","9.20011565741078","2.61028668822397","5.96370244278225","14.1928825124693","32.4263723565649"
"09/01/2022","IT2010A",NA,"18.27","9.41385190649451","2.73210677984464","6.14999452730369","14.4098677362992","32.4367291832019"
"09/01/2022","IT2012A",NA,"17.34","15.5143082404419","8.04134845969385","12.3741514827688","19.4513345431898","29.9320146845878"
"09/01/2022","IT2013A",NA,"23.53","46.3256731973723","23.7395290358069","36.804644690648","58.3097056153636","90.4006138433822"
"09/01/2022","IT2014A",NA,"11.71","22.0322229017869","11.0628884378902","17.3818907245777","27.9266999019644","43.8781290003314"
"09/01/2022","IT2018A",NA,"12.89","16.9076952876907","8.67609011465451","13.4390352945973","21.2716280354084","32.9491921088445"
"09/01/2022","IT2019A",NA,"11.71","11.2807816148331","5.47517901034079","8.79633061547024","14.4669452985032","23.2423512731205"
"09/01/2022","IT2021A",NA,"12.8","13.4023464080524","6.61699076780019","10.5122784495323","17.0869607482121","27.1457064917669"
"09/01/2022","IT2022A",NA,"11.3","4.4779522242198","2.14374743285253","3.47527407688807","5.76992078286691","9.35374000458309"
"09/01/2022","IT2023A",NA,"12.69","14.290670085627","7.20775290159653","11.2916629571031","18.0861979561448","28.3338308463652"
"09/01/2022","IT2026A",NA,"9.82","7.96139544713595","4.00650673985666","6.28579897860552","10.0836532764429","15.8202198526551"
"09/01/2022","IT2027A",NA,"21.24","10.8107551060759","5.34521743985358","8.48376700938771","13.7760060871806","21.8648590592693"
"09/01/2022","IT2028A",NA,"10.52","8.47526009357577","4.00448803836423","6.5478845023421","10.9699603937829","17.937382498238"
"09/01/2022","IT2029A",NA,"8.58","11.8475809153598","4.14474209219606","8.25390013527949","17.0059209883141","33.8658402437838"
"09/01/2022","IT2030A",NA,"12.38","18.8841967293436","9.03970657004399","14.6553071749413","24.3333614134212","39.4496086072422"
"09/01/2022","IT2032A",NA,"18.75","21.4033144736026","7.43969812784467","14.8781593340334","30.7902247966946","61.5753304211878"
"09/01/2022","IT2033A",NA,"11.15","7.76201065473465","3.19494235525341","5.71882514536496","10.5351725000799","18.857557572251"
"09/01/2022","IT2036A",NA,"11.25","7.11999958658849","2.91424860686917","5.23566826011841","9.68250691113759","17.395356728842"
"09/01/2022","IT2038A",NA,"10.86","11.657261210248","5.75212590241774","9.14170614234372","14.8650303135988","23.6246113574867"
"09/01/2022","IT2039A",NA,"12.44","9.27424752999783","4.33247628613787","7.13719985206579","12.0511781973957","19.8527727717455"
"09/01/2022","IT2040A",NA,"15.36","8.90936862672747","2.53773577110083","5.78304006768002","13.7257996482738","31.2786107327807"
"09/01/2022","IT2044A",NA,"13.72","14.6719426765175","7.40442315545723","11.5952773354308","18.5649636205977","29.0726093557144"
"09/01/2022","IT2049A",NA,"15.66","10.1443185700527","2.95963258268636","6.63921081796253","15.4999143832423","34.7702616374463"
"09/01/2022","IT2051A",NA,"12.23","17.4235223869442","9.11089021693116","13.9391550288186","21.7788762475707","33.320468707239"
"09/01/2022","IT2052A",NA,"10.7","11.9233410696053","5.90243403303221","9.36075626854108","15.1874547508428","24.0860061233251"
"09/01/2022","IT2055A",NA,"17.19","9.66977003780048","2.76860258835104","6.28778958157467","14.8707986122728","33.7731579741223"
"09/01/2022","IT2056A",NA,"15.73","8.62085245494776","2.4356961339315","5.58014996395501","13.3184766592373","30.5124666474792"
"09/01/2022","IT2058A",NA,"11.72","19.5973267273158","10.3096129615904","15.7108320362836","24.4452498741127","37.2521467380015"
"09/01/2022","IT2060A",NA,"18.79","8.50752101296744","2.38932903082098","5.49545875897915","13.170495305387","30.2921501611745"
"09/01/2022","IT2061A",NA,"19.89","22.5109914155024","11.2227617447963","17.7159625203789","28.6038499983226","45.1533005896511"
"09/01/2022","IT2062A",NA,"46.49","45.9957918949988","24.7984178395678","37.186819614253","56.8914710640422","85.3124133053526"
"09/01/2022","IT2063A",NA,"53.11","46.2396391084158","24.1283164077934","36.9658743262619","57.8399473526736","88.6139003128261"
"09/01/2022","IT2064A",NA,"13.68","14.4321970588551","7.4725105568761","11.5068471009428","18.1012496401869","27.8739401383598"
"09/01/2022","IT2066A",NA,"16.3","16.8797885839755","8.8314383291387","13.5067213922986","21.0952202510204","32.2628378323847"
"09/01/2022","IT2067A",NA,"14.3","16.1747157636515","8.31671340011417","12.8653500385019","20.3353526528208","31.4573098107873"
"09/01/2022","IT2068A",NA,"12.98","22.0482351621541","11.2925041966036","17.513551305942","27.757058821115","43.0484386192971"
"09/01/2022","IT2070A",NA,"65.6","56.1271140132728","28.5535615650933","44.4800412371289","70.8239659820574","110.32784545204"
"09/01/2022","IT2072A",NA,"69.92","48.0418574972371","24.825153174925","38.2778080207377","60.2965580091322","92.971030451328"
"09/01/2022","IT2073A",NA,"35.12","33.7879862867","17.9531798898392","27.1804085718567","42.0018711010952","63.5891816555765"
"09/01/2022","IT2074A",NA,"13.68","9.19703003881393","4.64885014870944","7.2724386725601","11.6309487564327","18.1948995620621"
"09/01/2022","IT2075A",NA,"42.58","33.2625969797499","17.604452906233","26.7214751425616","41.4049131619612","62.8477558337263"
"09/01/2022","IT2076A",NA,"22.41","30.1400780791389","14.5499918905985","23.4585515680949","38.7246545883123","62.4346950463642"
"09/01/2022","IT2079A",NA,"55.17","43.8798848591374","22.8368181092445","35.0476468154206","54.9379051150441","84.3131598299031"
"09/01/2022","IT2086A",NA,"12.14","13.1138478856868","6.5468709592792","10.3253847279759","16.6553606378447","26.2679694526722"
"09/01/2022","IT2087A",NA,"10.84","13.1860498111748","6.49264710878978","10.3330182569908","16.8268269055996","26.7798182635547"
"09/01/2022","IT2088A",NA,"8.21","10.1918057308175","5.01779268551639","7.98634303346787","13.0063163602453","20.7009158338781"
"09/01/2022","IT2089A",NA,"9.24","7.26525243330748","3.63661229624279","5.72558723051432","9.21894834443711","14.5145780247772"
"09/01/2022","IT2091A",NA,"9.76","8.8507386654174","4.36258577955233","6.93824131279626","11.2904079567022","17.9562257069368"
"09/01/2022","IT2092A",NA,"10.56","7.2899911857344","3.67538101494733","5.7593457188439","9.22743208732972","14.4594455029166"
"09/01/2022","IT2093A",NA,"10.88","7.31314966540847","3.71805978117688","5.79431450345169","9.23010961811005","14.3844266032041"
"09/01/2022","IT2094A",NA,"9.01","4.31675832030671","2.15223573203094","3.3973254351172","5.48502130626597","8.65816049729504"
"09/01/2022","IT2095A",NA,"52.4","48.6698985987552","24.3968162993014","38.3747307074674","61.7270528272962","97.0929567429231"
"09/01/2022","IT2096A",NA,"21.27","23.0527652091202","11.6781238425848","18.2424490448246","29.1315043545424","45.5064521450733"
"09/01/2022","IT2097A",NA,"20.24","9.04686042054826","4.06016668047534","6.86681214724817","11.9190217693201","20.1582077559684"
"09/01/2022","IT2098A",NA,"50.02","50.4430764979869","26.5597016175381","40.4513803806394","62.9027722327021","95.8031834552519"
"09/01/2022","IT2099A",NA,"14.33","9.43979534952894","4.8327427310578","7.49720156251772","11.8857330295737","18.4387502501056"
"09/01/2022","IT2100A",NA,"17.51","22.036175311685","11.1340449422321","17.4223336862899","27.8718701587861","43.6133521004062"
"09/01/2022","IT2101A",NA,"44.42","46.7949094545395","22.765050912096","36.5181562775803","59.9636940653249","96.189705848408"
"09/01/2022","IT2102A",NA,"12.37","28.3436775460974","14.2550554564293","22.3736402088072","35.9067210046985","56.3564315335451"
"09/01/2022","IT2104A",NA,"14.58","14.3648675950689","7.33216351009111","11.3970029503736","18.1055863477772","28.143046829202"
"09/01/2022","IT2105A",NA,"17.2","25.7310764335753","12.8067278698776","20.2385141488863","32.714273862191","51.698474517271"
"09/01/2022","IT2108A",NA,"20","16.6803797205269","8.66297139443654","13.3133221974614","20.8989960202436","32.1177405479662"
"09/01/2022","IT2109A",NA,"16.89","17.3884836540763","8.99736954920892","13.8608276577857","21.8139472802868","33.6053067659828"
"09/01/2022","IT2110A",NA,"8.38","7.26174837485765","3.61402985120277","5.71151931359635","9.23274291206826","14.5911881281772"
"09/01/2022","IT2111A",NA,"10.33","9.18649228998502","4.54722964429797","7.21190995267695","11.7017047006569","18.5589132714636"
"09/01/2022","IT2112A",NA,"8.89","9.37828957143513","4.60826615831971","7.34393379282088","11.9761857564222","19.0857715817696"
"09/01/2022","IT2113A",NA,"16.15","21.1334960761758","10.6648806523649","16.7016101816422","26.7414130460697","41.8780735537531"
"09/01/2022","IT2114A",NA,"16.31","15.1980977289279","7.9525260013262","12.1615763160896","18.9927825616205","29.0451328973365"
"09/01/2022","IT2115A",NA,"24.37","27.5556919812253","13.5998650408727","21.6109327429596","35.1357421540045","55.8326246828282"
"09/01/2022","IT2116A",NA,"37.62","36.4243869571576","18.8205634520146","29.0207468711399","45.7168098083702","70.4939556452406"
"09/01/2022","IT2117A",NA,"31.56","41.1705211508061","21.394493801717","32.8665808462156","51.5725021644332","79.2265443407191"
"09/01/2022","IT2118A",NA,"16.46","26.0972333832826","12.7033067810948","20.370023343043","33.4346985662207","53.6132522025751"
"09/01/2022","IT2119A",NA,"16.23","26.0049526667324","13.2649741890041","20.6275991940634","32.7841139842208","50.9806919759839"
"09/01/2022","IT2121A",NA,"27.65","34.5589261415899","17.9565406428486","27.5873564896939","43.2922732740282","66.5116627870923"
"09/01/2022","IT2128A",NA,"5.12","16.1293546424566","6.80960198759857","11.9878288285201","21.701684675644","38.2043005826075"
"09/01/2022","IT2129A",NA,"25.16","16.6370860349051","7.44685071538867","12.6164910306695","21.9389552182123","37.1690856056577"
"09/01/2022","IT2130A",NA,"25.15","14.9392288835668","6.75748772201753","11.3699704625968","19.6289480583773","33.0271498545858"
"09/01/2022","IT2131A",NA,"24.45","14.7879131452995","6.24451560840161","10.9915873723163","19.8954316410839","35.0199100949795"
"09/01/2022","IT2132A",NA,"25.62","17.0619593919592","7.61471432577521","12.9256663970549","22.521891665036","38.2299907571687"
"09/01/2022","IT2133A",NA,"25.58","17.4349086410828","7.7034989846809","13.1626867319247","23.0937684314587","39.4594767815751"
"09/01/2022","IT2134A",NA,"16.08","24.3208181914946","12.1811724547236","19.1707265127398","30.8544486882464","48.5587245154193"
"09/01/2022","IT2137A",NA,"13.11","15.9342512723108","8.01049861262165","12.5761731572579","20.1890002971698","31.6959500135339"
"09/01/2022","IT2139A",NA,"13.09","16.3032298909394","8.21355145812363","12.8768712020139","20.6412955994505","32.3605819275577"
"09/01/2022","IT2140A",NA,"20.88","19.4371753828956","9.61947949430793","15.2583169696818","24.7605150434439","39.2748679477926"
"09/01/2022","IT2141A",NA,"11.93","10.198713833173","4.78808940517248","7.86208401558799","13.2297955153785","21.7234381084428"
"09/01/2022","IT2142A",NA,"11.28","10.061651986971","4.82012391153541","7.81052685857057","12.9615892167159","21.0029539831207"
"09/01/2022","IT2143A",NA,"11.8","12.4342601397735","6.09950908244485","9.73129761238895","15.8879967895263","25.3480768917206"
"09/01/2022","IT2144A",NA,"12.12","16.0604627478308","8.4504004787776","12.8761424422571","20.0322778993153","30.5238153294925"
"09/01/2022","IT2145A",NA,"12.24","16.1963529731668","8.47150680770416","12.9586132723993","20.2430494773797","30.9651937472148"
"09/01/2022","IT2146A",NA,"12.03","16.4461850026513","8.59030228281306","13.1522463135162","20.5650802679594","31.486319367665"
"09/01/2022","IT2148A",NA,"12.44","12.3491280066965","6.17681938520421","9.72962929224511","15.6738718346982","24.6892377800574"
"09/01/2022","IT2149A",NA,"12.45","11.5306220266675","5.8626956878333","9.13611578998784","14.5527100770302","22.6781759452036"
"09/01/2022","IT2150A",NA,"13.5","13.9371286922837","7.09151496626025","11.0456854024525","17.5854688150135","27.3909816321962"
"09/01/2022","IT2151A",NA,"13.36","17.1603929160878","8.79102202064452","13.6320305881648","21.6019970854658","33.497707586555"
"09/01/2022","IT2152A",NA,"25.13","20.2184193144175","9.69043903743303","15.6974674599302","26.0414286965133","42.1843095028535"
"09/01/2022","IT2153A",NA,"27.5","23.8143900741022","9.09202168192796","17.0973954480436","33.1702671512106","62.3761353020926"
"09/01/2022","IT2154A",NA,"12.72","10.889966353238","3.45808440714525","7.33807624829626","16.1610976994398","34.2939480972807"
"09/01/2022","IT2156A",NA,"46.22","37.8021746658717","19.5087375970973","30.1058865176672","47.4659468549608","73.2494556532295"
"09/01/2022","IT2158A",NA,"21.52","14.6865213742483","7.42784951951852","11.6154525340481","18.5695657955638","29.0385406313717"
"09/01/2022","IT2159A",NA,"12.63","19.9563603924338","7.46511529122261","14.2272448106987","27.9925119312784","53.3489845201676"
"09/01/2022","IT2160A",NA,"11.19","16.5638917748157","6.86642510824103","12.2336128203525","22.4269408192617","39.9571110734927"
"09/01/2022","IT2161A",NA,"7.65","9.14334295829949","3.53971466244225","6.59591186825235","12.674626666174","23.6179264221834"
"09/01/2022","IT2162A",NA,"13.03","19.7836731137836","8.56904998760609","14.8339764384761","26.3849496792953","45.6752758402785"
"09/01/2022","IT2163A",NA,"8.27","8.84725804320487","3.24860484025316","6.26717811505682","12.4895085868073","24.0946433106199"
"09/01/2022","IT2164A",NA,"12.81","17.352700878397","6.45344760430986","12.3462687294065","24.3892494465083","46.6597462686492"
"09/01/2022","IT2165A",NA,"12.43","15.1937419455189","5.1135909790782","10.4450508530848","22.1013566668126","45.1443604409352"
"09/01/2022","IT2167A",NA,"12.43","15.7116959465683","5.32574321113387","10.8276519648307","22.7987924177123","46.35172589646"
"09/01/2022","IT2168A",NA,"39.73","41.5017531746303","22.0586765449954","33.3892148373312","51.585385429375","78.0824503707003"
"09/01/2022","IT2169A",NA,"25.2","19.9824437712991","9.56260558381349","15.5060400119563","25.7511304475702","41.7561987236008"
"09/01/2022","IT2170A",NA,"25.07","19.9075689028464","9.51363178804311","15.4406012952166","25.6668307175545","41.6572039417866"
"09/01/2022","IT2171A",NA,"11.74","10.6445742166036","5.5500516976273","8.50739330300867","13.3186460549215","20.4154783461245"
"09/01/2022","IT2173A",NA,"15.48","20.5819358903926","10.1554935269151","16.1402807600031","26.2458931969749","41.7129983760533"
"09/01/2022","IT2174A",NA,"17.92","20.0200990581289","10.2425794699214","15.8965810015613","25.2132434174322","39.131194195203"
"09/01/2022","IT2175A",NA,"17.14","13.6563441682891","6.86837058596038","10.7799602650169","17.300224811401","27.1528354081502"
"09/01/2022","IT2177A",NA,"12.11","16.526769598418","7.56073290049462","12.6273397722825","21.6303764913915","36.1253488192029"
"09/01/2022","IT2178A",NA,"4.91","11.3658330603515","5.05065970619417","8.59763633914716","15.0253111506452","25.5772846856718"
"09/01/2022","IT2179A",NA,"5.38","15.5817389082894","7.57294230487399","12.1557336243587","19.9733389122294","32.0602716397084"
"09/01/2022","IT2180A",NA,"9.72","9.67431905376571","4.13682786508715","7.22189621332822","12.9595394878878","22.6242068092632"
"09/01/2022","IT2181A",NA,"23.89","13.7880806790956","6.10958357493416","10.4197000829451","18.2453590122446","31.1168783406482"
"09/01/2022","IT2182A",NA,"11.91","10.173890958367","3.84876253569556","7.281242982942","14.2157125473265","26.8938538745247"
"09/01/2022","IT2183A",NA,"19.66","19.5679621677478","6.62445380697448","13.4792778555264","28.4069478723165","57.8017681994056"
"09/01/2022","IT2184A",NA,"19.04","19.516541709315","6.54314646475856","13.3989697017638","28.4272155822019","58.2128800482976"
"09/01/2022","IT2200A",NA,"27.79","29.19488527195","14.7492918342361","23.0812255172147","36.9279059903737","57.788627116582"
"09/01/2022","IT2201A",NA,"25.17","29.9764974184623","15.4188118367281","23.8461986437431","37.6827523289484","58.2788354248288"
"09/01/2022","IT2202A",NA,"10.11","5.92643897535075","3.05969292055422","4.72049476598375","7.44046560154102","11.4791516144027"
"09/01/2022","IT2203A",NA,"10.98","5.40360393618978","2.83419362395336","4.32751570569977","6.7472742989119","10.3023785151547"
"09/01/2022","IT2204A",NA,"11.48","6.82460990690789","3.53968190972443","5.44453284532923","8.55450811017173","13.1580468441276"
"09/01/2022","IT2205A",NA,"9.63","6.2407124481478","3.26479944278808","4.99347203592265","7.79948131886767","11.9292141961428"
"09/01/2022","IT2207A",NA,"12.54","16.994489579195","8.3925839613244","13.3309551530609","21.6648149169607","34.4128432182871"
"09/01/2022","IT2209A",NA,"32.84","46.3837491800143","22.2676336780765","36.032405197811","59.7088142238471","96.6179082653349"
"09/01/2022","IT2210A",NA,"16.47","14.890064935821","7.58007892271656","11.802899487067","18.7847091332015","29.2495679864913"
"09/01/2022","IT2211A",NA,"22.25","24.1335431788122","12.550105637205","19.2706406122172","30.2235882077707","46.4082074844832"
"09/01/2022","IT2212A",NA,"21.91","30.9179335035317","15.9091697104122","24.5983633069262","38.8610656815387","60.0860151427752"
"09/01/2022","IT2214A",NA,"24.83","24.2438635103114","12.186225278094","19.1336511569136","30.7189105250427","48.2319097582398"
"09/01/2022","IT2215A",NA,"17.19","16.9117651872789","8.38506447628488","13.2842609486464","21.529824117073","34.1091952910514"
"09/01/2022","IT2216A",NA,"21.73","25.5842927605984","13.1491223256441","20.3466252002778","32.1702508213043","49.7794468596171"
"09/01/2022","IT2217A",NA,"19.45","23.8989050784799","12.0711882846754","18.8928860841598","30.2313612333197","47.31577790691"
"09/01/2022","IT2218A",NA,"21.66","23.4781705811377","12.3161964420403","18.8036530359694","29.314755637246","44.7560654322988"
"09/01/2022","IT2219A",NA,"22.71","25.771858711648","13.4648841057484","20.6119746043833","32.2234387632083","49.3274725750961"
"09/01/2022","IT2220A",NA,"17.29","22.454145235822","10.9434927845535","17.5338958639611","28.7550834214595","46.0720035364793"
"09/01/2022","IT2221A",NA,"18.79","17.4367203629493","9.0904001200094","13.9352777021564","21.817951784961","33.4461864166409"
"09/01/2022","IT2223A",NA,"21.46","27.7883045817983","14.5779645288025","22.2560333630942","34.6957545818236","52.9696632204817"
"09/01/2022","IT2224A",NA,"20.68","27.4109550492329","13.5309032799218","21.4987724482559","34.9489934143668","55.5292164290314"
"09/01/2022","IT2225A",NA,"22.03","24.9935311482653","12.3308973681547","19.5990964799322","31.8727243319059","50.6594597788619"
"09/01/2022","IT2226A",NA,"22.21","27.9992396451328","14.7614149390147","22.4631561340242","34.8997004707697","53.108555239753"
"09/01/2022","IT2227A",NA,"16.77","16.0159947626429","8.33956442307682","12.7944842353058","20.0486462384447","30.7584515478046"
"09/01/2022","IT2228A",NA,"18.04","18.5962580637245","9.50029810486358","14.7586205120323","23.4317844063204","36.4010486992614"
"09/01/2022","IT2229A",NA,"17.45","14.6996369143209","7.58198309752866","11.704691363944","18.4609161142422","28.4990513211901"
"09/01/2022","IT2230A",NA,"56.16","43.1836613668553","22.4683103252633","34.4883040392684","54.0713340651351","82.9981686228725"
"09/01/2022","IT2231A",NA,"47.92","49.2729254309247","25.8578245033671","39.4680134231926","61.5136402861057","93.8911616561292"
"09/01/2022","IT2232A",NA,"53.96","48.9926118247225","24.9417070660323","38.8355139883356","61.8062120699334","96.2354343691589"
"09/01/2022","IT2233A",NA,"5.38","15.1282110922636","7.32219435569261","11.7851493512799","19.4195902003763","31.2560360644017"
"09/01/2022","IT2234A",NA,"5.67","16.0483694813447","7.81333493843105","12.5272748882472","20.5591531524055","32.9628980504801"
"09/01/2022","IT2238A",NA,"9.8","7.92162235538877","3.98881995747835","6.25565378589989","10.0312617815962","15.7319962821951"
"09/01/2022","IT2239A",NA,"16.33","15.5751522019545","6.2049597156432","11.3470857000128","21.3786493314116","39.0953974290069"
"09/01/2022","IT2240A",NA,"27.45","22.9792869911376","8.63416812297272","16.407400170185","32.1835040983896","61.1579046296427"
"09/01/2022","IT2241A",NA,"16.89","16.0583546511015","7.64737807991523","12.4401356240927","20.7289343052769","33.720152371937"
"09/01/2022","IT2242A",NA,"20.03","24.5661427976801","8.79193931412264","17.2491023514898","34.9870595964018","68.6418946257514"
"09/01/2022","IT2243A",NA,"64.78","44.5681511455418","22.5608771405176","35.2594117167267","56.3344650356027","88.0426804401404"
"09/01/2022","IT2245A",NA,"18.89","20.2943377950036","10.4545428323556","16.1525216516448","25.4981949828107","39.3953282455406"
"09/01/2022","IT2246A",NA,"14.42","23.7068240228","12.1129638439881","18.8155135165747","29.8696873063246","46.3976870142271"
"09/01/2022","IT2247A",NA,"14.48","23.0282130793029","11.8877953678188","18.3416822139267","28.9122116194515","44.608657973819"
"09/01/2022","IT2248A",NA,"11.47","9.5482619842422","4.95795587328232","7.62037607783241","11.9638855075585","18.388486959116"
"09/01/2022","IT2249A",NA,"11.26","9.22195346043082","4.75401905704383","7.34166067849835","11.58381316579","17.8889534530463"
"09/01/2022","IT2251A",NA,"11.73","9.71267561357962","5.11817665880317","7.79099184980961","12.1083514645096","18.4315770758651"
"09/01/2022","IT2252A",NA,"11.83","10.726087575566","5.6127922947115","8.58320462158109","13.4039627098531","20.4976326644251"
"09/01/2022","IT2254A",NA,"11.81","8.18995286823067","4.27445213615577","6.54783470411988","10.2438945109039","15.692146232374"
"09/01/2022","IT2255A",NA,"12.05","8.30976108835187","4.38217023338425","6.66736164857038","10.3567397398179","15.7575186877575"
"09/01/2022","IT2257A",NA,"11.83","9.77078514192875","5.00631817653328","7.76227870993829","12.2989969643198","19.0695514993904"
"09/01/2022","IT2261A",NA,"22.86","13.6920434111422","6.63184675379384","10.6689907150639","17.5716764387005","28.2684536800186"
"09/01/2022","IT2262A",NA,"23.06","14.578499229524","6.88671616102863","11.2623297378383","18.8711079086221","30.8612457397236"
"09/01/2022","IT2264A",NA,"11.71","10.8281617596949","5.62916563756709","8.64535144800633","13.5620960928266","20.8288571776322"
"09/01/2022","IT2267A",NA,"3.5","6.38123935971783","3.14764838388099","5.00361528706417","8.13815879715732","12.9367104580483"
"09/01/2022","IT2269A",NA,"17.87","17.5169399361522","9.02332987411862","13.9417170910772","22.0089952135914","34.0055377568401"
"09/01/2022","IT2270A",NA,"19.32","24.3464998666378","12.2446257088601","19.2183324225165","30.8430535347447","48.4091608718825"
"09/01/2022","IT2271A",NA,"20.92","28.3682717110939","14.0793481353976","22.2910266837459","36.1023676159906","57.1588138978655"
"09/01/2022","IT2272A",NA,"16.3","19.832046153647","9.99680853142237","15.6669918740081","25.1043759901922","39.3435618381725"
"09/01/2022","IT2273A",NA,"10.37","4.44549665711025","2.22084456246222","3.50104461704214","5.64472684300571","8.89861490642465"
"09/01/2022","IT2274A",NA,"14.67","9.47989627430683","4.80446847597179","7.50290893406768","11.977812094128","18.7051770286491"
"09/01/2022","IT2275A",NA,"11.21","8.4405856292103","4.27050224691849","6.67644995615206","10.6708634426869","16.6826948318408"
"09/01/2022","IT2276A",NA,"13.42","6.08092038623917","2.88199920446071","4.7030022664919","7.86255048338765","12.8305353750778"
"09/01/2022","IT2278A",NA,"21.03","13.7919377752242","7.14486540553004","10.9984109078667","17.2950028135065","26.6229714346235"
"09/01/2022","IT2279A",NA,"12.38","19.8294119385942","10.0835948670993","15.7122964526464","25.0253410770031","38.9945830839962"
"09/01/2022","IT2281A",NA,"13.86","8.00544370232885","4.00123091571082","6.30572675709578","10.163321586848","16.0168533686768"
"09/01/2022","IT2282A",NA,"50.53","39.5089643770583","20.8785361773403","31.7228437674177","49.2061265878978","74.7637790738313"
"09/01/2022","IT2283A",NA,"10.07","3.44622781017395","1.6380894824024","2.66800471929685","4.45144869261939","7.25020595468231"
"09/01/2022","IT2284A",NA,"5.61","15.752122533633","7.65621094982167","12.2889084715229","20.1913265844218","32.4088985975977"
"09/01/2022","IT2285A",NA,"20.11","25.3590486941418","12.3742864431404","19.8105475650535","32.4615636473507","51.9691663536961"
"09/01/2022","IT2287A",NA,"14.45","11.6031810686816","5.89208568006365","9.18958182588861","14.6507004849039","22.8499411283435"
"09/01/2022","IT2288A",NA,"11.99","8.24043355677509","4.00464535598937","6.4284069721666","10.5632305947081","16.9564940630926"
"09/01/2022","IT2289A",NA,"11.65","28.9160343623515","13.8647218938483","22.4533813494144","37.2388029327483","60.3068023755803"
"09/01/2022","IT2291A",NA,"9.48","6.57077169155936","3.06585468245016","5.05458848136443","8.54175187194333","14.0825463352011"
"09/01/2022","IT2292A",NA,"6.71","6.44404652070792","2.72467565886297","4.79188492739904","8.66584573507013","15.2406160439576"
"09/01/2022","IT2294A",NA,"32.86","40.8569558358768","20.9947253562442","32.4906001626216","51.3776548238467","79.5100108169939"
"09/01/2022","IT2297A",NA,"14.19","11.4992049650874","5.90597410927899","9.142893748207","14.4627859046291","22.3894843394823"
"09/01/2022","IT2298A",NA,"26.97","11.9949491161819","5.97731831500171","9.43845035238273","15.2439011625961","24.0707950819165"
"09/01/2022","IT2299A",NA,"20.44","18.9025562311559","9.65692887401974","15.0017902519374","23.8175995045569","37.0000273102645"
"09/01/2022","IT2300A",NA,"57.34","45.7566457264185","23.4386478205797","36.3476120645545","57.6013253474408","89.3255721985242"
"09/01/2022","IT2301A",NA,"59.05","45.1800779273692","22.8342363182443","35.723938390726","57.139261052277","89.3938125660998"
"09/01/2022","IT2303A",NA,"17.97","10.408429871802","5.20998059282169","8.2026867617247","13.207308232436","20.7938226383193"
"09/01/2022","IT2304A",NA,"21.9","8.18956063641571","4.23128121795115","6.5247958598438","10.2790807342033","15.850731719979"
"09/01/2022","IT2305A",NA,"11.97","8.20242757733161","4.31411175190101","6.57523885050756","10.2323002541842","15.5952886783063"
"09/01/2022","IT2306A",NA,"13.92","8.36959423947917","4.18833863287453","6.59532575651235","10.6211748016167","16.7250344047387"
"09/01/2022","IT2307A",NA,"14.57","9.29942354942791","4.70623870373743","7.35643553967098","11.7555952044028","18.3754551767588"
"09/01/2022","IT2308A",NA,"14.03","9.09952166962391","4.42953393530077","7.10266814334902","11.6577732402563","18.6930037844563"
"09/01/2022","IT2309A",NA,"10.52","9.80929321106114","4.90540710923578","7.72798567392981","12.4511402272877","19.6155448789164"
"09/01/2022","IT2310A",NA,"11.24","6.7988884530249","3.08885989811051","5.18231765729822","8.91973191407461","14.9650310216244"
"09/01/2022","IT2311A",NA,"10.85","11.5637857117193","5.66946682662913","9.04837817971554","14.7784649724673","23.5861932128227"
"09/01/2022","IT2312A",NA,"12.49","18.7415068664084","9.15525656502051","14.6464644421533","23.9814926674546","38.3652907080323"
"09/01/2022","IT2314A",NA,"11.64","10.2049936402456","3.59756974959725","7.12832952527002","14.6095792609292","28.9478460310916"
"09/01/2022","IT2315A",NA,"10.14","11.5051424364157","5.67447638651754","9.02099763146067","14.6733551974983","23.3269633118428"
"09/01/2022","IT2316A",NA,"10.1","5.10101494957353","2.45547187406493","3.96631029467696","6.5603423793377","10.5968851814609"
"09/01/2022","IT2317A",NA,"10.57","7.43894316617231","3.86201468388846","5.93659313006727","9.32148695676481","14.3287584224887"
"09/01/2022","IT2318A",NA,"15.57","9.70970372852003","4.3577936824519","7.37001410059999","12.7921527976399","21.6344217660599"
"09/01/2022","IT2319A",NA,"42.93","33.0389495584723","16.9001704968042","26.2323261035603","41.611719205455","64.5894186767933"
"09/01/2022","IT2320A",NA,"67.67","47.5842721708574","23.3797831409307","37.2611159701122","60.7674488291344","96.8470470569174"
"09/01/2022","T02258A",NA,"12.06","11.0661702670026","5.69986264508746","8.80726519657703","13.9044438477778","21.4847500726773"
